ID,COUNTY,NAME,STNAME,POPESTIMATE2015,CTYNAME,TOT_POP,TOT_MALE,TOT_FEMALE,WHITE,HISPANIC,BLACK,ASIAN,NATIVE,OTHER,1,2,3,4,5,6,7,8,9,10,11,12,13,14,15,16,17,18,00..10,10..15,15..25,25..35,35..50,50..75,75..100,100..150,150..200,200..999,LESS_THAN_HS,HS_DEGREE,SOME_COLLEGE,BS_DEGREE
35000,017,Abanda,Alabama,218,Chambers County,34123,0.99999,0.000001,0.5787298889312193,0.020250271078158424,0.3975031503677871,0.009495061981654602,0.0032822436479793683,0.001,0.10099999999999999,0.083,0.069,0.013999999999999999,0.0,0.087,0.193,0.0,0.055,0.05,0.0,0.138,0.147,0.0,0.064,0.0,0.0,0.0,0.193,0.364,0.21600000000000003,0.0,0.14800000000000002,0.08,0.0,0.0,0.0,0.0,0.756,0.163,0.081,0.0